id,shower,code,time_utc,magnitude,observed_mass_g,entry_speed_km_s,entry_angle_deg,start_lat,start_lon,start_height_km,end_lat,end_lon,observed_end_height_km,observed_length_km,cameras,cometary_model_end_height_km,cometary_observed_mass_survives,cometary_landing_type,cometary_min_initial_mass_kg,cometary_min_diameter_m,cometary_landing_lat,cometary_landing_lon,cometary_landed_mass_g,cometary_impact_speed_m_s,cometary_dark_flight_start_km,stony_model_end_height_km,stony_observed_mass_survives,stony_min_initial_mass_kg,stony_min_diameter_m,stony_landing_type,stony_landing_lat,stony_landing_lon,stony_landed_mass_g,stony_impact_speed_m_s,stony_dark_flight_start_km
20260501_021010.077_NL_UK,April rho Cygnids,ARC,20260501_021010,0.42,0.081,44.14,46.3,52.8411,2.60658,101.97,52.7913,2.42428,87.63,19.82,7,82.7,False,none (burns up or skips out at any size),,,,,,,,62.6,False,797.0,0.76,meteorite fall,52.54627,1.54567,1.0,25.6,21.2
20260501_023854.155_UK,April rho Cygnids,ARC,20260501_023854,1.39,0.009,40.86,50.6,54.0225,-3.8098,98.54,54.0004,-3.91085,89.81,11.3,5,85.26,False,none (burns up or skips out at any size),,,,,,,,65.84,False,115.0,0.4,meteorite fall,53.82029,-4.71911,1.0,25.6,23.3
20260501_024958.703_UK,April rho Cygnids,ARC,20260501_024958,1.11,0.018,44.33,48.3,55.8435,-3.69194,100.93,55.8271,-3.80369,92.68,11.05,3,85.3,False,none (burns up or skips out at any size),,,,,,,,65.98,False,912.0,0.79,meteorite fall,55.67375,-4.8162,1.0,25.6,20.8
20260501_025527.235_NL_UK,beta2 Cygnids,BTC,20260501_025527,-1.07,0.213,52.58,63.6,52.4263,3.21546,106.51,52.4741,3.12311,89.81,18.67,7,81.79,False,none (burns up or skips out at any size),,,,,,,,61.79,False,244000.0,5.1,meteorite fall,52.70419,2.67437,1.0,25.6,11.1
20260507_020734.713_UK,April rho Cygnids,ARC,20260507_020734,-0.43,0.15,42.4,46.3,53.1599,-3.12834,99.51,53.1085,-3.2952,86.2,18.42,6,81.0,False,none (burns up or skips out at any size),,,,,,,,60.37,False,282.0,0.54,meteorite fall,52.84678,-4.12919,1.0,25.6,22.6
20260509_020413.913_UK,beta2 Cygnids,BTC,20260509_020413,0.12,0.009,53.67,53.9,51.8116,-2.42069,97.32,51.8282,-2.50425,88.93,10.4,6,87.65,False,none (burns up or skips out at any size),,,,,,,,70.04,False,544000.0,6.67,meteorite fall,51.98436,-3.3071,1.0,25.6,10.4
20260509_220611.788_UK,psi Cygnids,PCY,20260509_220611,1.85,0.009,41.95,32.9,51.9325,-2.68591,100.81,51.8917,-2.75771,96.4,8.12,2,87.59,False,none (burns up or skips out at any size),,,,,,,,68.76,False,216.0,0.49,meteorite fall,51.18622,-3.96855,1.0,25.6,24.9
20260510_024155.372_UK,beta2 Cygnids,BTC,20260510_024155,-0.37,0.045,50.08,57.1,53.9462,-2.55514,104.45,53.9813,-2.63992,93.84,12.66,2,84.5,False,none (burns up or skips out at any size),,,,,,,,65.12,False,40500.0,2.81,meteorite fall,54.25006,-3.29781,1.0,25.6,14.4
20260510_233432.279_UK,May upsilon Cygnids,MUC,20260510_233432,1.53,0.009,56.71,25.7,53.5894,1.52563,109.14,53.5426,1.25771,100.1,20.86,6,92.57,False,none (burns up or skips out at any size),,,,,,,,74.96,False,5810000.0,14.69,meteorite fall,53.01916,-1.50197,1.0,25.7,10.6
20260511_004327.315_UK,psi Cygnids,PCY,20260511_004327,1.04,0.138,43.64,53.0,48.6151,1.00421,101.65,48.5726,0.881845,87.9,17.2,3,80.99,False,none (burns up or skips out at any size),,,,,,,,60.38,False,590.0,0.69,meteorite fall,48.35444,0.26111,1.0,25.6,21.0
20260511_010647.765_UK,psi Cygnids,PCY,20260511_010647,0.87,0.019,40.75,57.2,53.4204,-2.32776,101.08,53.3959,-2.41971,90.51,12.57,7,83.61,False,none (burns up or skips out at any size),,,,,,,,63.45,False,108.0,0.39,meteorite fall,53.22924,-3.03769,1.0,25.6,22.9
20260511_012954.308_UK,psi Cygnids,PCY,20260511_012954,0.55,0.041,41.63,64.0,52.1346,1.2894,102.73,52.1159,1.20056,89.34,14.9,11,82.1,False,none (burns up or skips out at any size),,,,,,,,61.55,False,180.0,0.46,meteorite fall,52.01611,0.7304,1.0,25.6,21.7
20260511_022057.264_UK,psi Cygnids,PCY,20260511_022057,1.36,0.013,42.33,70.1,52.1163,-0.121281,102.86,52.1088,-0.17021,93.18,10.29,7,84.2,False,none (burns up or skips out at any size),,,,,,,,64.28,False,273.0,0.53,meteorite fall,52.05003,-0.55201,1.0,25.7,20.9
20260511_023918.858_UK,May upsilon Cygnids,MUC,20260511_023918,-0.65,0.05,57.95,46.4,50.526,-5.52344,106.62,50.55,-5.67823,94.6,16.61,14,86.85,False,none (burns up or skips out at any size),,,,,,,,68.21,False,94200000.0,37.18,hypervelocity impact,50.73601,-6.93229,4.8,2486.0,0.0
20260511_232602.924_BE_UK,psi Cygnids,PCY,20260511_232602,-0.38,0.115,41.78,45.5,51.7431,-0.735125,104.61,51.6616,-0.932828,87.63,23.78,24,81.54,False,none (burns up or skips out at any size),,,,,,,,60.83,False,195.0,0.47,meteorite fall,51.33212,-1.71838,1.0,25.6,23.2
20260511_233728.128_UK,psi Cygnids,PCY,20260511_233728,1.34,0.03,42.87,45.9,49.2458,-0.941497,101.45,49.2051,-1.04553,92.17,12.9,7,84.23,False,none (burns up or skips out at any size),,,,,,,,64.46,False,370.0,0.59,meteorite fall,48.88051,-1.86232,1.0,25.6,22.3
20260512_002121.348_UK,psi Cygnids,PCY,20260512_002121,0.62,0.117,41.96,48.0,52.1371,-6.57175,100.97,52.094,-6.702,89.54,15.37,4,81.24,False,none (burns up or skips out at any size),,,,,,,,60.57,False,215.0,0.49,meteorite fall,51.82627,-7.49784,1.0,25.6,22.8
20260512_002953.500_BE_UK,May upsilon Cygnids,MUC,20260512_002953,1.19,0.007,58.17,30.3,51.6653,0.265548,109.8,51.652,0.045024,100.7,18.05,11,92.51,False,none (burns up or skips out at any size),,,,,,,,74.86,False,19900000.0,22.16,meteorite fall,51.48362,-2.31128,1.0,25.7,7.1
20260512_003508.937_UK,psi Cygnids,PCY,20260512_003508,-0.05,0.058,41.6,54.4,52.5032,0.182882,102.92,52.4597,0.04455,87.92,18.44,17,82.01,False,none (burns up or skips out at any size),,,,,,,,61.44,False,174.0,0.46,meteorite fall,52.25816,-0.58807,1.0,25.6,22.5
20260512_023539.224_UK,psi Cygnids,PCY,20260512_023539,0.63,0.028,41.99,71.4,53.3796,-0.741406,103.63,53.3723,-0.80885,89.84,14.55,4,82.64,False,none (burns up or skips out at any size),,,,,,,,62.25,False,220.0,0.49,meteorite fall,53.33406,-1.16102,1.0,25.6,21.2
20260512_231810.983_UK,psi Cygnids,PCY,20260512_231810,1.1,0.012,41.69,45.2,51.2276,-0.677818,102.75,51.1798,-0.7893,93.1,13.6,7,85.73,False,none (burns up or skips out at any size),,,,,,,,66.17,False,187.0,0.47,meteorite fall,50.81247,-1.63178,1.0,25.6,23.3
20260512_232909.165_UK,psi Cygnids,PCY,20260512_232909,-0.07,0.045,42.71,46.3,52.7905,0.230896,103.28,52.7297,0.040913,87.88,21.3,9,83.47,False,none (burns up or skips out at any size),,,,,,,,63.4,False,333.0,0.57,meteorite fall,52.45436,-0.80318,1.0,25.6,22.4
20260512_234312.218_UK,psi Cygnids,PCY,20260512_234312,0.61,0.017,39.49,50.8,51.7781,-0.35559,93.74,51.7398,-0.450135,84.01,12.54,6,83.2,False,none (burns up or skips out at any size),,,,,,,,63.63,False,53.1,0.31,meteorite fall,51.48834,-1.06388,1.0,25.6,24.3
20260513_020310.194_UK,psi Cygnids,PCY,20260513_020310,-1.07,0.215,42.26,68.4,53.2169,-2.23473,108.49,53.204,-2.37293,84.5,25.79,4,78.96,False,none (burns up or skips out at any size),,,,,,,,57.54,False,262.0,0.52,meteorite fall,53.16777,-2.75738,1.0,25.7,21.0
20260513_222237.134_NL_UK,psi Cygnids,PCY,20260513_222237,0.33,0.109,39.25,42.3,52.4289,3.31255,101.17,52.3571,3.15736,88.94,18.18,5,81.17,False,none (burns up or skips out at any size),,,,,,,,60.14,False,46.8,0.29,meteorite fall,51.95657,2.30721,1.0,25.6,25.4
20260513_230732.184_UK,May upsilon Cygnids,MUC,20260513_230732,-0.7,0.111,58.49,17.1,50.6834,-3.94385,110.49,50.5056,-4.54118,95.99,49.61,7,90.63,False,none (burns up or skips out at any size),,,,,,,,72.75,False,24000000.0,23.58,meteorite fall,49.27373,-8.32514,1.0,25.6,11.3
20260514_000222.257_UK,May upsilon Cygnids,MUC,20260514_000222,0.73,0.016,57.34,27.9,52.2257,0.066998,108.31,52.1901,-0.203911,98.13,21.77,9,91.22,False,none (burns up or skips out at any size),,,,,,,,73.4,False,9530000.0,17.33,meteorite fall,51.83595,-2.66202,1.0,25.6,9.2
20260514_003445.461_UK,psi Cygnids,PCY,20260514_003445,0.45,0.049,42.15,57.4,52.6689,1.23544,102.57,52.6417,1.12089,89.35,15.69,7,82.27,False,none (burns up or skips out at any size),,,,,,,,61.84,False,242.0,0.51,meteorite fall,52.49436,0.50841,1.0,25.6,21.8
20260514_012123.608_UK,psi Cygnids,PCY,20260514_012123,1.35,0.026,40.97,63.7,54.5127,-0.521425,101.3,54.5017,-0.596575,90.96,11.53,3,82.74,False,none (burns up or skips out at any size),,,,,,,,62.35,False,122.0,0.41,meteorite fall,54.42403,-1.12098,1.0,25.6,22.3
20260514_013801.610_UK,psi Cygnids,PCY,20260514_013801,0.97,0.019,39.75,65.6,56.038,-4.08665,99.52,56.0337,-4.12434,94.15,5.89,2,82.81,False,none (burns up or skips out at any size),,,,,,,,62.38,False,61.8,0.32,meteorite fall,55.97296,-4.65024,1.0,25.6,23.0
20260514_024100.810_UK,May upsilon Cygnids,MUC,20260514_024100,0.79,0.007,59.1,49.5,50.5986,-1.44568,106.24,50.6165,-1.52383,99.28,9.17,2,90.32,False,none (burns up or skips out at any size),,,,,,,,72.44,False,97900000.0,37.67,hypervelocity impact,50.87156,-2.67023,51.7,21062.5,
20260514_024419.932_UK,psi Cygnids,PCY,20260514_024419,0.85,0.019,40.41,70.5,51.1985,-4.00495,101.42,51.1904,-4.06018,90.02,12.09,2,82.89,False,none (burns up or skips out at any size),,,,,,,,62.47,False,89.5,0.37,meteorite fall,51.13969,-4.4054,1.0,25.6,22.3
20260514_230410.530_UK,psi Cygnids,PCY,20260514_230410,0.68,0.03,40.28,43.6,49.7422,-3.89051,101.33,49.6986,-3.9776,93.65,11.14,4,83.74,False,none (burns up or skips out at any size),,,,,,,,63.57,False,83.5,0.36,meteorite fall,49.28082,-4.79909,1.0,25.7,24.5
20260514_235149.285_UK,psi Cygnids,PCY,20260514_235149,1.01,0.019,40.62,50.1,53.6808,-2.88372,101.79,53.6475,-2.97969,92.86,11.64,2,84.11,False,none (burns up or skips out at any size),,,,,,,,64.05,False,101.0,0.38,meteorite fall,53.37261,-3.75967,1.0,25.7,23.5
20260515_004404.138_UK,May upsilon Cygnids,MUC,20260515_004404,0.21,0.026,57.1,28.2,49.7496,-5.65775,95.26,49.7394,-5.76882,90.85,9.31,3,88.49,False,none (burns up or skips out at any size),,,,,,,,72.1,False,7770000.0,16.19,meteorite fall,49.5227,-7.89696,1.0,25.6,9.4
20260515_021646.611_UK,psi Cygnids,PCY,20260515_021646,0.47,0.019,41.57,68.6,53.3509,-3.53289,100.45,53.3443,-3.57625,92.73,8.29,9,83.24,False,none (burns up or skips out at any size),,,,,,,,63.1,False,171.0,0.45,meteorite fall,53.28023,-3.99476,1.0,25.6,21.6
20260515_023418.994_UK,May upsilon Cygnids,MUC,20260515_023418,1.01,0.015,55.51,47.7,53.2207,-5.08843,89.81,53.2401,-5.21174,80.36,12.79,3,85.28,False,none (burns up or skips out at any size),,,,,,,,69.84,False,2260000.0,10.72,meteorite fall,53.38703,-6.17579,1.0,25.6,8.4
20260515_224435.902_BE_UK,psi Cygnids,PCY,20260515_224435,0.06,0.025,39.33,42.4,51.4494,-1.08023,89.99,51.4067,-1.16048,83.18,10.08,11,82.4,False,none (burns up or skips out at any size),,,,,,,,63.58,False,48.0,0.3,meteorite fall,51.01776,-1.88121,1.0,25.6,25.4
20260515_234700.625_UK,May upsilon Cygnids,MUC,20260515_234700,0.01,0.072,58.65,26.5,55.5619,-0.02265,106.92,55.5136,-0.427805,93.71,29.65,2,89.0,False,none (burns up or skips out at any size),,,,,,,,70.84,False,28000000.0,24.81,meteorite fall,55.14661,-3.17966,1.0,25.7,7.5
20260516_003407.019_UK,May upsilon Cygnids,MUC,20260516_003407,0.02,0.059,57.58,31.7,54.6641,-2.85716,107.18,54.6445,-3.14904,95.3,22.63,5,88.27,False,none (burns up or skips out at any size),,,,,,,,69.92,False,11500000.0,18.47,meteorite fall,54.47172,-5.37064,1.0,25.6,7.9
20260516_003435.909_UK,psi Cygnids,PCY,20260516_003435,0.13,0.089,43.54,57.1,52.4963,1.70719,107.38,52.4537,1.53129,87.16,24.07,5,81.62,False,none (burns up or skips out at any size),,,,,,,,61.04,False,553.0,0.67,meteorite fall,52.30559,0.92835,1.0,25.6,20.7
20260516_010336.457_UK,May upsilon Cygnids,MUC,20260516_010336,0.19,0.028,57.13,36.2,55.3495,-0.959732,107.71,55.3387,-1.28091,92.6,25.65,3,88.92,False,none (burns up or skips out at any size),,,,,,,,70.63,False,8110000.0,16.42,meteorite fall,55.25955,-3.142,1.0,25.6,7.7
20260516_022648.361_UK,May upsilon Cygnids,MUC,20260516_022648,-0.3,0.05,57.0,48.7,54.8351,-1.29995,102.92,54.8553,-1.41689,93.88,12.05,3,86.32,False,none (burns up or skips out at any size),,,,,,,,67.7,False,21700000.0,22.81,meteorite fall,55.05627,-2.62441,2.8,30.4,3.3
20260517_013843.476_UK,psi Cygnids,PCY,20260517_013843,0.76,0.021,43.13,69.0,53.6052,0.00729,100.18,53.5996,-0.028055,93.77,6.87,2,83.44,False,none (burns up or skips out at any size),,,,,,,,63.54,False,438.0,0.62,meteorite fall,53.53236,-0.44991,1.0,25.7,20.3
20260517_021515.316_UK,psi Cygnids,PCY,20260517_021515,0.35,0.053,42.81,72.4,53.1626,-0.558056,104.63,53.1558,-0.625209,90.07,15.27,2,81.65,False,none (burns up or skips out at any size),,,,,,,,61.05,False,360.0,0.58,meteorite fall,53.12173,-0.96096,1.0,25.6,20.5
20260517_234248.315_UK,psi Cygnids,PCY,20260517_234248,0.75,0.016,38.69,52.9,53.2242,0.618823,94.3,53.191,0.513271,83.6,13.4,7,83.04,False,none (burns up or skips out at any size),,,,,,,,63.16,False,34.4,0.27,meteorite fall,52.99433,-0.10464,1.0,25.7,24.6
20260520_021441.470_UK,May upsilon Cygnids,MUC,20260520_021441,0.55,0.023,55.15,50.2,51.992,-2.65828,107.69,52.0017,-2.74271,100.5,9.36,3,87.43,False,none (burns up or skips out at any size),,,,,,,,68.79,False,1700000.0,9.75,meteorite fall,52.12342,-3.85208,1.0,25.6,8.7
20260521_003954.839_UK,May upsilon Cygnids,MUC,20260521_003954,0.75,0.033,58.92,33.7,50.5082,3.47276,105.67,50.4981,3.29668,97.18,15.31,2,89.2,False,none (burns up or skips out at any size),,,,,,,,71.12,False,220000000.0,49.3,hypervelocity impact,50.35824,1.21694,5.6,997.3,0.4
20260521_014004.993_UK,May upsilon Cygnids,MUC,20260521_014004,1.31,0.011,57.88,42.6,52.3697,-0.909575,103.66,52.3716,-1.05588,94.37,13.74,2,89.74,False,none (burns up or skips out at any size),,,,,,,,71.91,False,89200000.0,36.51,hypervelocity impact,52.38062,-2.58008,5.6,1086.3,0.7
20260521_214914.041_UK,May upsilon Cygnids,MUC,20260521_214914,1.48,0.018,59.03,6.6,49.5499,-2.37727,114.43,49.3515,-2.7649,110.26,36.6,7,99.71,False,none (burns up or skips out at any size),,,,,,,,84.28,False,,,none (burns up or skips out at any size),,,,,
20260522_021841.712_UK,May upsilon Cygnids,MUC,20260522_021841,-0.22,0.019,53.36,45.0,51.2885,-5.08643,103.77,51.2982,-5.18333,96.83,9.82,9,87.71,False,none (burns up or skips out at any size),,,,,,,,69.26,False,433000.0,6.18,meteorite fall,51.41408,-6.41009,1.0,25.6,11.7
20260527_023513.209_UK,May upsilon Cygnids,MUC,20260527_023513,0.3,0.032,59.95,53.3,50.3329,-0.18248,105.42,50.3536,-0.280022,95.49,12.41,5,87.45,False,none (burns up or skips out at any size),,,,,,,,69.01,False,91000000.0,36.75,hypervelocity impact,50.55235,-1.24158,6.2,15922.0,
